Código zona de vida,Zona de vida,Nombre científico,Nombre común,Familia,Grupo sucesional,Amenaza (IUCN/Nacional),Origen en Colombia,Observaciones
bh-Msp,Bosque húmedo montano (subpáramo),Baccharis macrantha,Chilco,Asteraceae,Pionera,LC,Nativa,
bh-Msp,Bosque húmedo montano (subpáramo),Diplostephium revolutum,Romero de páramo,Asteraceae,Pionera,LC,Nativa,
bh-Msp,Bosque húmedo montano (subpáramo),Gynoxys sp.,Ciro de páramo,Asteraceae,Pionera,LC,Nativa,
bh-Msp,Bosque húmedo montano (subpáramo),Hypericum laricifolium,Garbancillo,Hypericaceae,Pionera,LC,Nativa,
bh-Msp,Bosque húmedo montano (subpáramo),Polylepis quadrijuga,Coloradito,Rosaceae,Secundaria tardía,VU,Nativa,
bh-MB,Bosque húmedo montano bajo,Alnus acuminata,Aliso,Betulaceae,Pionera,LC,Nativa,
bh-MB,Bosque húmedo montano bajo,Cedrela montana,Cedro de montaña,Meliaceae,Secundaria tardía,VU,Nativa,
bh-MB,Bosque húmedo montano bajo,Hedyosmum racemosum,Granizo,Chloranthaceae,Secundaria,LC,Nativa,
bh-MB,Bosque húmedo montano bajo,Juglans neotropica,Cedro nogal,Juglandaceae,Secundaria tardía,EN,Nativa,
bh-MB,Bosque húmedo montano bajo,Myrcianthes leucoxyla,Arrayán,Myrtaceae,Secundaria,LC,Nativa,
bh-MB,Bosque húmedo montano bajo,Quercus humboldtii,Roble andino,Fagaceae,Secundaria tardía,VU,Nativa,Corregido de LC a VU (IUCN y fuentes nacionales: Vulnerable).
bh-MB,Bosque húmedo montano bajo,Retrophyllum rospigliosii,Pino romerón,Podocarpaceae,Secundaria tardía,VU,Nativa,
bh-MB,Bosque húmedo montano bajo,Weinmannia tomentosa,Encenillo,Cunoniaceae,Secundaria tardía,LC,Nativa,
bh-MB,Bosque húmedo montano bajo,Xylosma spiculifera,Corono,Salicaceae,Pionera,LC,Nativa,
bh-PM,Bosque húmedo premontano,Cecropia peltata,Yarumo,Urticaceae,Pionera,LC,Nativa,
bh-PM,Bosque húmedo premontano,Cedrela odorata,Cedro,Meliaceae,Secundaria tardía,VU,Nativa,
bh-PM,Bosque húmedo premontano,Cordia alliodora,Nogal cafetero,Boraginaceae,Secundaria,LC,Nativa,
bh-PM,Bosque húmedo premontano,Croton magdalenensis,Sangregado,Euphorbiaceae,Pionera,LC,Nativa,
bh-PM,Bosque húmedo premontano,Gliricidia sepium,Matarratón,Fabaceae,Pionera,LC,Nativa,
bh-PM,Bosque húmedo premontano,Jacaranda caucana,Gualanday,Bignoniaceae,Secundaria,LC,Nativa,
bh-PM,Bosque húmedo premontano,Sapindus saponaria,Chambimbe,Sapindaceae,Secundaria,LC,Nativa,
bh-PM,Bosque húmedo premontano,Tabebuia rosea,Ocobo,Bignoniaceae,Secundaria tardía,LC,Nativa,
bh-T,Bosque húmedo tropical,Anacardium excelsum,Caracolí,Anacardiaceae,Tardía,LC,Nativa,
bh-T,Bosque húmedo tropical,Aspidosperma polyneuron,Carreto,Apocynaceae,Secundaria tardía,EN,Nativa,
bh-T,Bosque húmedo tropical,Attalea butyracea,Palma de vino / Corozo,Arecaceae,Pionera,LC,Nativa,
bh-T,Bosque húmedo tropical,Brosimum alicastrum,Guaimaro,Moraceae,Tardía,LC,Nativa,
bh-T,Bosque húmedo tropical,Cariniana pyriformis,Abarco,Lecythidaceae,Tardía,CR,Nativa,
bh-T,Bosque húmedo tropical,Cecropia peltata,Yarumo,Urticaceae,Pionera,LC,Nativa,
bh-T,Bosque húmedo tropical,Cedrela odorata,Cedro,Meliaceae,Secundaria tardía,VU,Nativa,
bh-T,Bosque húmedo tropical,Ceiba pentandra,Ceiba,Malvaceae,Secundaria tardía,LC,Nativa,
bh-T,Bosque húmedo tropical,Cordia alliodora,Nogal cafetero,Boraginaceae,Secundaria,LC,Nativa,
bh-T,Bosque húmedo tropical,Enterolobium cyclocarpum,Orejero,Fabaceae,Secundaria,LC,Nativa,
bh-T,Bosque húmedo tropical,Erythrina fusca,Cantagallo,Fabaceae,Secundaria,LC,Nativa,
bh-T,Bosque húmedo tropical,Ficus insipida,Higuerón,Moraceae,Secundaria,LC,Nativa,
bh-T,Bosque húmedo tropical,Genipa americana,Jagua,Rubiaceae,Secundaria,LC,Nativa,
bh-T,Bosque húmedo tropical,Guarea guidonia,Trompillo,Meliaceae,Secundaria,LC,Nativa,
bh-T,Bosque húmedo tropical,Guazuma ulmifolia,Guácimo,Malvaceae,Pionera,LC,Nativa,
bh-T,Bosque húmedo tropical,Heliocarpus americanus,Balso blanco,Malvaceae,Pionera,LC,Nativa,
bh-T,Bosque húmedo tropical,Hura crepitans,Habillo,Euphorbiaceae,Secundaria,LC,Nativa,
bh-T,Bosque húmedo tropical,Hymenaea courbaril,Algarrobo,Fabaceae,Secundaria tardía,LC,Nativa,
bh-T,Bosque húmedo tropical,Inga edulis,Guamo,Fabaceae,Secundaria,LC,Nativa,
bh-T,Bosque húmedo tropical,Ochroma pyramidale,Balso,Malvaceae,Pionera,LC,Nativa,
bh-T,Bosque húmedo tropical,Pachira quinata,Ceiba tolúa / Ceiba roja,Malvaceae,Tardía,VU,Nativa,Sin. Bombacopsis quinata (mismo taxón; aparecía duplicado). Amenaza: EN según Libro Rojo de Colombia (Cárdenas & Salinas 2007); IUCN global=VU (1998).
bh-T,Bosque húmedo tropical,Pseudobombax septenatum,Ceiba barrigona,Malvaceae,Secundaria,LC,Nativa,
bh-T,Bosque húmedo tropical,Samanea saman,Campano,Fabaceae,Secundaria,LC,Nativa,Grupo sucesional inconsistente entre zonas de vida (Pionera vs. Secundaria) en el archivo original; no se encontró fuente concluyente para unificar. Revisar con criterio de campo.
bh-T,Bosque húmedo tropical,Spondias mombin,Jobo,Anacardiaceae,Pionera,LC,Nativa,
bh-T,Bosque húmedo tropical,Sterculia apetala,Camajón,Malvaceae,Secundaria tardía,LC,Nativa,
bh-T,Bosque húmedo tropical,Swietenia macrophylla,Caoba,Meliaceae,Tardía,VU,Nativa,
bh-T,Bosque húmedo tropical,Tabebuia rosea,Ocobo,Bignoniaceae,Secundaria tardía,LC,Nativa,
bh-T,Bosque húmedo tropical,Tapirira guianensis,Cedrillo,Anacardiaceae,Secundaria,LC,Nativa,
bh-T,Bosque húmedo tropical,Terminalia amazonia,Guayabo amarillo / Amarillo,Combretaceae,Secundaria tardía,LC,Nativa,
bh-T,Bosque húmedo tropical,Trema micrantha,Zurrumbo,Cannabaceae,Pionera,LC,Nativa,Nombre corregido (antes 'Trema micranthum').
bh-T,Bosque húmedo tropical,Trichanthera gigantea,Nacedero,Acanthaceae,Pionera,LC,Nativa,
bh-T,Bosque húmedo tropical,Triplaris americana,Varasanta,Polygonaceae,Pionera,LC,Nativa,
bh-T,Bosque húmedo tropical,Vismia baccifera,Carate,Hypericaceae,Pionera,LC,Nativa,
bh-T,Bosque húmedo tropical,Xylopia aromatica,Frisolillo,Annonaceae,Secundaria,LC,Nativa,
bh-T,Bosque húmedo tropical,Zanthoxylum rhoifolium,Tachuelo,Rutaceae,Secundaria,LC,Nativa,
bs-MB,Bosque seco montano bajo,Berberis glauca,Alcaparro,Berberidaceae,Pionera,LC,Nativa,
bs-MB,Bosque seco montano bajo,Celtis iguanaea,Palo yuco,Cannabaceae,Pionera,LC,Nativa,
bs-MB,Bosque seco montano bajo,Dodonaea viscosa,Hayuelo,Sapindaceae,Pionera,LC,Nativa,
bs-MB,Bosque seco montano bajo,Duranta mutisii,Garrocho,Verbenaceae,Pionera,LC,Nativa,
bs-MB,Bosque seco montano bajo,Hesperomeles goudotiana,Mortiño,Rosaceae,Pionera,LC,Nativa,
bs-MB,Bosque seco montano bajo,Lafoensia acuminata,Guayacán de Manizales,Lythraceae,Secundaria,LC,Nativa,"Nativa de Colombia. Reemplaza a Prunus serotina subsp. capuli (capulí: originario de México-Guatemala, cultivado/naturalizado en Colombia)."
bs-MB,Bosque seco montano bajo,Myrcianthes leucoxyla,Arrayán,Myrtaceae,Secundaria,LC,Nativa,
bs-MB,Bosque seco montano bajo,Myrsine coriacea,Cucharo,Primulaceae,Pionera,LC,Nativa,"Nativa de Colombia. Reemplaza a Ruprechtia ramiflora (especie de tierras bajas, no de montano bajo; el nombre común 'cucharo' corresponde a Myrsine)."
bs-MB,Bosque seco montano bajo,Tara spinosa,Dividivi de tierra fría / Tara,Fabaceae,Pionera,LC,Nativa,Sin. Caesalpinia spinosa. Nativa de Colombia (POWO / Catálogo de Plantas de Colombia). Reemplaza a Schinus molle (nativo de Perú a Argentina; introducido en Colombia).
bs-MB,Bosque seco montano bajo,Tecoma stans,Chicalá amarillo,Bignoniaceae,Pionera,LC,Nativa,
bs-MB,Bosque seco montano bajo,Xylosma spiculifera,Corono,Salicaceae,Pionera,LC,Nativa,Nativa de Colombia. Reemplaza a Kageneckia lanceolata (nativa solo de Perú a Argentina/Chile; no se distribuye en Colombia — POWO).
bs-T,Bosque seco tropical,Anacardium excelsum,Caracolí,Anacardiaceae,Tardía,LC,Nativa,
bs-T,Bosque seco tropical,Astronium graveolens,Diomate,Anacardiaceae,Secundaria tardía,VU,Nativa,
bs-T,Bosque seco tropical,Bulnesia arborea,Guayacán de bola,Zygophyllaceae,Secundaria tardía,EN,Nativa,"Nombre aceptado; ""Plectrocarpa arborea"" es sinónimo. EN confirmado para bs-T Caribe."
bs-T,Bosque seco tropical,Caesalpinia coriaria,Dividivi,Fabaceae,Pionera,LC,Nativa,
bs-T,Bosque seco tropical,Cedrela odorata,Cedro,Meliaceae,Secundaria tardía,VU,Nativa,
bs-T,Bosque seco tropical,Cordia dentata,Uvito,Boraginaceae,Pionera,LC,Nativa,
bs-T,Bosque seco tropical,Crescentia cujete,Totumo,Bignoniaceae,Pionera,LC,Nativa,
bs-T,Bosque seco tropical,Enterolobium cyclocarpum,Orejero,Fabaceae,Secundaria,LC,Nativa,
bs-T,Bosque seco tropical,Erythrina fusca,Cantagallo,Fabaceae,Secundaria,LC,Nativa,
bs-T,Bosque seco tropical,Guazuma ulmifolia,Guásimo,Malvaceae,Pionera,LC,Nativa,
bs-T,Bosque seco tropical,Handroanthus billbergii,Guayacán rosado,Bignoniaceae,Secundaria tardía,LC,Nativa,"Catálogo de Plantas de Colombia: ""No evaluada"" formalmente. Verificar antes de reportar como LC."
bs-T,Bosque seco tropical,Platymiscium pinnatum,Trébol,Fabaceae,Secundaria tardía,VU,Nativa,
bs-T,Bosque seco tropical,Samanea saman,Campano,Fabaceae,Pionera,LC,Nativa,Grupo sucesional inconsistente entre zonas de vida (Pionera vs. Secundaria) en el archivo original; no se encontró fuente concluyente para unificar. Revisar con criterio de campo.
bs-T,Bosque seco tropical,Sapium glandulosum,Lechero,Euphorbiaceae,Pionera,LC,Nativa,
bs-T,Bosque seco tropical,Senna atomaria,Vainillo,Fabaceae,Pionera,LC,Nativa,
bs-T,Bosque seco tropical,Tabebuia rosea,Ocobo / Roble,Bignoniaceae,Secundaria tardía,LC,Nativa,
md-T,Matorral desértico tropical,Bulnesia arborea,Guayacán de bola,Zygophyllaceae,Secundaria tardía,EN,Nativa,"Nombre aceptado; ""Plectrocarpa arborea"" es sinónimo. EN confirmado para bs-T Caribe."
md-T,Matorral desértico tropical,Caesalpinia coriaria,Dividivi,Fabaceae,Pionera,LC,Nativa,
md-T,Matorral desértico tropical,Melocactus curvispinus,Cabeza de indio,Cactaceae,Pionera,LC,Nativa,
md-T,Matorral desértico tropical,Pereskia guamacho,Guamacho,Cactaceae,Pionera,LC,Nativa,
md-T,Matorral desértico tropical,Stenocereus griseus,Cardón,Cactaceae,Pionera,LC,Nativa,
md-T,Matorral desértico tropical,Subpilocereus repandus,Pitahayo,Cactaceae,Pionera,LC,Nativa,
me-T,Monte espinoso tropical,Bulnesia arborea,Guayacán de bola,Zygophyllaceae,Secundaria tardía,EN,Nativa,"Nombre aceptado; ""Plectrocarpa arborea"" es sinónimo. EN confirmado para bs-T Caribe."
me-T,Monte espinoso tropical,Bursera simaruba,Copal / Indio desnudo,Burseraceae,Pionera,LC,Nativa,
me-T,Monte espinoso tropical,Caesalpinia coriaria,Dividivi,Fabaceae,Pionera,LC,Nativa,
me-T,Monte espinoso tropical,Cordia dentata,Uvito,Boraginaceae,Pionera,LC,Nativa,
me-T,Monte espinoso tropical,Haematoxylum brasiletto,Brasil,Fabaceae,Secundaria,LC,Nativa,
me-T,Monte espinoso tropical,Neltuma juliflora,Trupillo,Fabaceae,Pionera,LC,Nativa,
me-T,Monte espinoso tropical,Pereskia guamacho,Guamacho,Cactaceae,Pionera,LC,Nativa,
